CREATE TABLE "auth_group" ("id" integer NOT NULL PRIMARY KEY AUTOINCREMENT, "name" varchar(80) NOT NULL UNIQUE);
CREATE UNIQUE INDEX "auth_group_permissions_group_id_permission_id_0cd325b0_uniq" ON "auth_group_permissions" ("group_id", "permission_id");
CREATE INDEX IF NOT EXISTS "auth_group_permissions_group_id_b120cbf9" ON "auth_group_permissions" ("group_id");
CREATE INDEX IF NOT EXISTS "auth_group_permissions_permission_id_84c5c92e" ON "auth_group_permissions" ("permission_id");
CREATE UNIQUE INDEX "auth_user_groups_user_id_group_id_94350c0c_uniq" ON "auth_user_groups" ("user_id", "group_id");
CREATE INDEX IF NOT EXISTS "auth_user_groups_user_id_6a12ed8b" ON "auth_user_groups" ("user_id");
CREATE INDEX IF NOT EXISTS "auth_user_groups_group_id_97559544" ON "auth_user_groups" ("group_id");
CREATE UNIQUE INDEX "auth_user_user_permissions_user_id_permission_id_14a6b632_uniq" ON "auth_user_user_permissions" ("user_id", "permission_id");
CREATE INDEX IF NOT EXISTS "auth_user_user_permissions_user_id_a95ead1b" ON "auth_user_user_permissions" ("user_id");
CREATE INDEX IF NOT EXISTS "auth_user_user_permissions_permission_id_1fbb5f2c" ON "auth_user_user_permissions" ("permission_id");
CREATE INDEX IF NOT EXISTS "django_admin_log_content_type_id_c4bce8eb" ON "django_admin_log" ("content_type_id");
CREATE INDEX IF NOT EXISTS "django_admin_log_user_id_c564eba6" ON "django_admin_log" ("user_id");
CREATE UNIQUE INDEX "django_content_type_app_label_model_76bd3d3b_uniq" ON "django_content_type" ("app_label", "model");
CREATE UNIQUE INDEX "auth_permission_content_type_id_codename_01ab375a_uniq" ON "auth_permission" ("content_type_id", "codename");
CREATE INDEX IF NOT EXISTS "auth_permission_content_type_id_2f476e4b" ON "auth_permission" ("content_type_id");
CREATE INDEX IF NOT EXISTS "django_session_expire_date_a5c62663" ON "django_session" ("expire_date");
CREATE INDEX IF NOT EXISTS "paste_post_author_id_5877283e" ON "paste_post" ("author_id");
CREATE TABLE "auth_group_permissions" ("id" integer NOT NULL PRIMARY KEY AUTOINCREMENT, "group_id" integer NOT NULL REFERENCES "auth_group" ("id") DEFERRABLE INITIALLY DEFERRED, "permission_id" integer NOT NULL REFERENCES "auth_permission" ("id") DEFERRABLE INITIALLY DEFERRED);
CREATE UNIQUE INDEX "auth_group_permissions_group_id_permission_id_0cd325b0_uniq" ON "auth_group_permissions" ("group_id", "permission_id");
CREATE INDEX IF NOT EXISTS "auth_group_permissions_group_id_b120cbf9" ON "auth_group_permissions" ("group_id");
CREATE INDEX IF NOT EXISTS "auth_group_permissions_permission_id_84c5c92e" ON "auth_group_permissions" ("permission_id");
CREATE UNIQUE INDEX "auth_user_groups_user_id_group_id_94350c0c_uniq" ON "auth_user_groups" ("user_id", "group_id");
CREATE INDEX IF NOT EXISTS "auth_user_groups_user_id_6a12ed8b" ON "auth_user_groups" ("user_id");
CREATE INDEX IF NOT EXISTS "auth_user_groups_group_id_97559544" ON "auth_user_groups" ("group_id");
CREATE UNIQUE INDEX "auth_user_user_permissions_user_id_permission_id_14a6b632_uniq" ON "auth_user_user_permissions" ("user_id", "permission_id");
CREATE INDEX IF NOT EXISTS "auth_user_user_permissions_user_id_a95ead1b" ON "auth_user_user_permissions" ("user_id");
CREATE INDEX IF NOT EXISTS "auth_user_user_permissions_permission_id_1fbb5f2c" ON "auth_user_user_permissions" ("permission_id");
CREATE INDEX IF NOT EXISTS "django_admin_log_content_type_id_c4bce8eb" ON "django_admin_log" ("content_type_id");
CREATE INDEX IF NOT EXISTS "django_admin_log_user_id_c564eba6" ON "django_admin_log" ("user_id");
CREATE UNIQUE INDEX "django_content_type_app_label_model_76bd3d3b_uniq" ON "django_content_type" ("app_label", "model");
CREATE UNIQUE INDEX "auth_permission_content_type_id_codename_01ab375a_uniq" ON "auth_permission" ("content_type_id", "codename");
CREATE INDEX IF NOT EXISTS "auth_permission_content_type_id_2f476e4b" ON "auth_permission" ("content_type_id");
CREATE INDEX IF NOT EXISTS "django_session_expire_date_a5c62663" ON "django_session" ("expire_date");
CREATE INDEX IF NOT EXISTS "paste_post_author_id_5877283e" ON "paste_post" ("author_id");
CREATE TABLE "auth_permission" ("id" integer NOT NULL PRIMARY KEY AUTOINCREMENT, "content_type_id" integer NOT NULL REFERENCES "django_content_type" ("id") DEFERRABLE INITIALLY DEFERRED, "codename" varchar(100) NOT NULL, "name" varchar(255) NOT NULL);
INSERT INTO "auth_permission" VALUES(1,1,'add_logentry','Can add log entry');
INSERT INTO "auth_permission" VALUES(2,1,'change_logentry','Can change log entry');
INSERT INTO "auth_permission" VALUES(3,1,'delete_logentry','Can delete log entry');
INSERT INTO "auth_permission" VALUES(4,1,'view_logentry','Can view log entry');
INSERT INTO "auth_permission" VALUES(5,2,'add_permission','Can add permission');
INSERT INTO "auth_permission" VALUES(6,2,'change_permission','Can change permission');
INSERT INTO "auth_permission" VALUES(7,2,'delete_permission','Can delete permission');
INSERT INTO "auth_permission" VALUES(8,2,'view_permission','Can view permission');
INSERT INTO "auth_permission" VALUES(9,3,'add_group','Can add group');
INSERT INTO "auth_permission" VALUES(10,3,'change_group','Can change group');
INSERT INTO "auth_permission" VALUES(11,3,'delete_group','Can delete group');
INSERT INTO "auth_permission" VALUES(12,3,'view_group','Can view group');
INSERT INTO "auth_permission" VALUES(13,4,'add_user','Can add user');
INSERT INTO "auth_permission" VALUES(14,4,'change_user','Can change user');
INSERT INTO "auth_permission" VALUES(15,4,'delete_user','Can delete user');
INSERT INTO "auth_permission" VALUES(16,4,'view_user','Can view user');
INSERT INTO "auth_permission" VALUES(17,5,'add_contenttype','Can add content type');
INSERT INTO "auth_permission" VALUES(18,5,'change_contenttype','Can change content type');
INSERT INTO "auth_permission" VALUES(19,5,'delete_contenttype','Can delete content type');
INSERT INTO "auth_permission" VALUES(20,5,'view_contenttype','Can view content type');
INSERT INTO "auth_permission" VALUES(21,6,'add_session','Can add session');
INSERT INTO "auth_permission" VALUES(22,6,'change_session','Can change session');
INSERT INTO "auth_permission" VALUES(23,6,'delete_session','Can delete session');
INSERT INTO "auth_permission" VALUES(24,6,'view_session','Can view session');
INSERT INTO "auth_permission" VALUES(25,7,'add_post','Can add post');
INSERT INTO "auth_permission" VALUES(26,7,'change_post','Can change post');
INSERT INTO "auth_permission" VALUES(27,7,'delete_post','Can delete post');
INSERT INTO "auth_permission" VALUES(28,7,'view_post','Can view post');
INSERT INTO "auth_permission" VALUES(29,8,'add_profile','Can add profile');
INSERT INTO "auth_permission" VALUES(30,8,'change_profile','Can change profile');
INSERT INTO "auth_permission" VALUES(31,8,'delete_profile','Can delete profile');
INSERT INTO "auth_permission" VALUES(32,8,'view_profile','Can view profile');
CREATE UNIQUE INDEX "auth_group_permissions_group_id_permission_id_0cd325b0_uniq" ON "auth_group_permissions" ("group_id", "permission_id");
CREATE INDEX IF NOT EXISTS "auth_group_permissions_group_id_b120cbf9" ON "auth_group_permissions" ("group_id");
CREATE INDEX IF NOT EXISTS "auth_group_permissions_permission_id_84c5c92e" ON "auth_group_permissions" ("permission_id");
CREATE UNIQUE INDEX "auth_user_groups_user_id_group_id_94350c0c_uniq" ON "auth_user_groups" ("user_id", "group_id");
CREATE INDEX IF NOT EXISTS "auth_user_groups_user_id_6a12ed8b" ON "auth_user_groups" ("user_id");
CREATE INDEX IF NOT EXISTS "auth_user_groups_group_id_97559544" ON "auth_user_groups" ("group_id");
CREATE UNIQUE INDEX "auth_user_user_permissions_user_id_permission_id_14a6b632_uniq" ON "auth_user_user_permissions" ("user_id", "permission_id");
CREATE INDEX IF NOT EXISTS "auth_user_user_permissions_user_id_a95ead1b" ON "auth_user_user_permissions" ("user_id");
CREATE INDEX IF NOT EXISTS "auth_user_user_permissions_permission_id_1fbb5f2c" ON "auth_user_user_permissions" ("permission_id");
CREATE INDEX IF NOT EXISTS "django_admin_log_content_type_id_c4bce8eb" ON "django_admin_log" ("content_type_id");
CREATE INDEX IF NOT EXISTS "django_admin_log_user_id_c564eba6" ON "django_admin_log" ("user_id");
CREATE UNIQUE INDEX "django_content_type_app_label_model_76bd3d3b_uniq" ON "django_content_type" ("app_label", "model");
CREATE UNIQUE INDEX "auth_permission_content_type_id_codename_01ab375a_uniq" ON "auth_permission" ("content_type_id", "codename");
CREATE INDEX IF NOT EXISTS "auth_permission_content_type_id_2f476e4b" ON "auth_permission" ("content_type_id");
CREATE INDEX IF NOT EXISTS "django_session_expire_date_a5c62663" ON "django_session" ("expire_date");
CREATE INDEX IF NOT EXISTS "paste_post_author_id_5877283e" ON "paste_post" ("author_id");
CREATE TABLE "auth_user" ("id" integer NOT NULL PRIMARY KEY AUTOINCREMENT, "password" varchar(128) NOT NULL, "last_login" datetime NULL, "is_superuser" bool NOT NULL, "username" varchar(150) NOT NULL UNIQUE, "first_name" varchar(30) NOT NULL, "email" varchar(254) NOT NULL, "is_staff" bool NOT NULL, "is_active" bool NOT NULL, "date_joined" datetime NOT NULL, "last_name" varchar(150) NOT NULL);
INSERT INTO "auth_user" VALUES(1,'pbkdf2_sha256$120000$H9QbPXxR9muN$f2+iCTCDFzaDV+2A0bwDEo/8irpyXQAG8iR/4mYmyC4=','2019-03-16 01:48:58.756266',1,'liam','','liam.crozier2@gmail.com',1,1,'2019-03-15 20:47:55.615471','');
INSERT INTO "auth_user" VALUES(4,'pbkdf2_sha256$120000$VCIY7KWAHNGH$WPoBQNASo2Pw8zxsKX3bzevpT3k5kLydfHcju6kkwFc=',NULL,0,'TestUser2','','fake@email.com',0,1,'2019-03-15 22:25:11.688140','');
INSERT INTO "auth_user" VALUES(5,'pbkdf2_sha256$120000$5Wr8zOKIpjWH$HQe7OM9tXB2FMWHtDJZCK0RPfvya4S25YP5+QlSFqAc=','2019-03-16 00:25:41.880379',0,'coolcat','','sarah@realmail.biz',0,1,'2019-03-16 00:25:28.752630','');
CREATE UNIQUE INDEX "auth_group_permissions_group_id_permission_id_0cd325b0_uniq" ON "auth_group_permissions" ("group_id", "permission_id");
CREATE INDEX IF NOT EXISTS "auth_group_permissions_group_id_b120cbf9" ON "auth_group_permissions" ("group_id");
CREATE INDEX IF NOT EXISTS "auth_group_permissions_permission_id_84c5c92e" ON "auth_group_permissions" ("permission_id");
CREATE UNIQUE INDEX "auth_user_groups_user_id_group_id_94350c0c_uniq" ON "auth_user_groups" ("user_id", "group_id");
CREATE INDEX IF NOT EXISTS "auth_user_groups_user_id_6a12ed8b" ON "auth_user_groups" ("user_id");
CREATE INDEX IF NOT EXISTS "auth_user_groups_group_id_97559544" ON "auth_user_groups" ("group_id");
CREATE UNIQUE INDEX "auth_user_user_permissions_user_id_permission_id_14a6b632_uniq" ON "auth_user_user_permissions" ("user_id", "permission_id");
CREATE INDEX IF NOT EXISTS "auth_user_user_permissions_user_id_a95ead1b" ON "auth_user_user_permissions" ("user_id");
CREATE INDEX IF NOT EXISTS "auth_user_user_permissions_permission_id_1fbb5f2c" ON "auth_user_user_permissions" ("permission_id");
CREATE INDEX IF NOT EXISTS "django_admin_log_content_type_id_c4bce8eb" ON "django_admin_log" ("content_type_id");
CREATE INDEX IF NOT EXISTS "django_admin_log_user_id_c564eba6" ON "django_admin_log" ("user_id");
CREATE UNIQUE INDEX "django_content_type_app_label_model_76bd3d3b_uniq" ON "django_content_type" ("app_label", "model");
CREATE UNIQUE INDEX "auth_permission_content_type_id_codename_01ab375a_uniq" ON "auth_permission" ("content_type_id", "codename");
CREATE INDEX IF NOT EXISTS "auth_permission_content_type_id_2f476e4b" ON "auth_permission" ("content_type_id");
CREATE INDEX IF NOT EXISTS "django_session_expire_date_a5c62663" ON "django_session" ("expire_date");
CREATE INDEX IF NOT EXISTS "paste_post_author_id_5877283e" ON "paste_post" ("author_id");
CREATE TABLE "auth_user_groups" ("id" integer NOT NULL PRIMARY KEY AUTOINCREMENT, "user_id" integer NOT NULL REFERENCES "auth_user" ("id") DEFERRABLE INITIALLY DEFERRED, "group_id" integer NOT NULL REFERENCES "auth_group" ("id") DEFERRABLE INITIALLY DEFERRED);
CREATE UNIQUE INDEX "auth_group_permissions_group_id_permission_id_0cd325b0_uniq" ON "auth_group_permissions" ("group_id", "permission_id");
CREATE INDEX IF NOT EXISTS "auth_group_permissions_group_id_b120cbf9" ON "auth_group_permissions" ("group_id");
CREATE INDEX IF NOT EXISTS "auth_group_permissions_permission_id_84c5c92e" ON "auth_group_permissions" ("permission_id");
CREATE UNIQUE INDEX "auth_user_groups_user_id_group_id_94350c0c_uniq" ON "auth_user_groups" ("user_id", "group_id");
CREATE INDEX IF NOT EXISTS "auth_user_groups_user_id_6a12ed8b" ON "auth_user_groups" ("user_id");
CREATE INDEX IF NOT EXISTS "auth_user_groups_group_id_97559544" ON "auth_user_groups" ("group_id");
CREATE UNIQUE INDEX "auth_user_user_permissions_user_id_permission_id_14a6b632_uniq" ON "auth_user_user_permissions" ("user_id", "permission_id");
CREATE INDEX IF NOT EXISTS "auth_user_user_permissions_user_id_a95ead1b" ON "auth_user_user_permissions" ("user_id");
CREATE INDEX IF NOT EXISTS "auth_user_user_permissions_permission_id_1fbb5f2c" ON "auth_user_user_permissions" ("permission_id");
CREATE INDEX IF NOT EXISTS "django_admin_log_content_type_id_c4bce8eb" ON "django_admin_log" ("content_type_id");
CREATE INDEX IF NOT EXISTS "django_admin_log_user_id_c564eba6" ON "django_admin_log" ("user_id");
CREATE UNIQUE INDEX "django_content_type_app_label_model_76bd3d3b_uniq" ON "django_content_type" ("app_label", "model");
CREATE UNIQUE INDEX "auth_permission_content_type_id_codename_01ab375a_uniq" ON "auth_permission" ("content_type_id", "codename");
CREATE INDEX IF NOT EXISTS "auth_permission_content_type_id_2f476e4b" ON "auth_permission" ("content_type_id");
CREATE INDEX IF NOT EXISTS "django_session_expire_date_a5c62663" ON "django_session" ("expire_date");
CREATE INDEX IF NOT EXISTS "paste_post_author_id_5877283e" ON "paste_post" ("author_id");
CREATE TABLE "auth_user_user_permissions" ("id" integer NOT NULL PRIMARY KEY AUTOINCREMENT, "user_id" integer NOT NULL REFERENCES "auth_user" ("id") DEFERRABLE INITIALLY DEFERRED, "permission_id" integer NOT NULL REFERENCES "auth_permission" ("id") DEFERRABLE INITIALLY DEFERRED);
CREATE UNIQUE INDEX "auth_group_permissions_group_id_permission_id_0cd325b0_uniq" ON "auth_group_permissions" ("group_id", "permission_id");
CREATE INDEX IF NOT EXISTS "auth_group_permissions_group_id_b120cbf9" ON "auth_group_permissions" ("group_id");
CREATE INDEX IF NOT EXISTS "auth_group_permissions_permission_id_84c5c92e" ON "auth_group_permissions" ("permission_id");
CREATE UNIQUE INDEX "auth_user_groups_user_id_group_id_94350c0c_uniq" ON "auth_user_groups" ("user_id", "group_id");
CREATE INDEX IF NOT EXISTS "auth_user_groups_user_id_6a12ed8b" ON "auth_user_groups" ("user_id");
CREATE INDEX IF NOT EXISTS "auth_user_groups_group_id_97559544" ON "auth_user_groups" ("group_id");
CREATE UNIQUE INDEX "auth_user_user_permissions_user_id_permission_id_14a6b632_uniq" ON "auth_user_user_permissions" ("user_id", "permission_id");
CREATE INDEX IF NOT EXISTS "auth_user_user_permissions_user_id_a95ead1b" ON "auth_user_user_permissions" ("user_id");
CREATE INDEX IF NOT EXISTS "auth_user_user_permissions_permission_id_1fbb5f2c" ON "auth_user_user_permissions" ("permission_id");
CREATE INDEX IF NOT EXISTS "django_admin_log_content_type_id_c4bce8eb" ON "django_admin_log" ("content_type_id");
CREATE INDEX IF NOT EXISTS "django_admin_log_user_id_c564eba6" ON "django_admin_log" ("user_id");
CREATE UNIQUE INDEX "django_content_type_app_label_model_76bd3d3b_uniq" ON "django_content_type" ("app_label", "model");
CREATE UNIQUE INDEX "auth_permission_content_type_id_codename_01ab375a_uniq" ON "auth_permission" ("content_type_id", "codename");
CREATE INDEX IF NOT EXISTS "auth_permission_content_type_id_2f476e4b" ON "auth_permission" ("content_type_id");
CREATE INDEX IF NOT EXISTS "django_session_expire_date_a5c62663" ON "django_session" ("expire_date");
CREATE INDEX IF NOT EXISTS "paste_post_author_id_5877283e" ON "paste_post" ("author_id");
CREATE TABLE "django_admin_log" ("id" integer NOT NULL PRIMARY KEY AUTOINCREMENT, "action_time" datetime NOT NULL, "object_id" text NULL, "object_repr" varchar(200) NOT NULL, "change_message" text NOT NULL, "content_type_id" integer NULL REFERENCES "django_content_type" ("id") DEFERRABLE INITIALLY DEFERRED, "user_id" integer NOT NULL REFERENCES "auth_user" ("id") DEFERRABLE INITIALLY DEFERRED, "action_flag" smallint unsigned NOT NULL);
INSERT INTO "django_admin_log" VALUES(1,'2019-03-15 20:51:12.661357','2','testuser','[{"added": {}}]',4,1,1);
INSERT INTO "django_admin_log" VALUES(2,'2019-03-15 21:35:14.148182','1','Post object (1)','[{"added": {}}]',7,1,1);
INSERT INTO "django_admin_log" VALUES(3,'2019-03-15 23:47:41.849245','1','liam','[{"added": {}}]',8,1,1);
INSERT INTO "django_admin_log" VALUES(4,'2019-03-15 23:47:48.179327','2','TestUser2','[{"added": {}}]',8,1,1);
INSERT INTO "django_admin_log" VALUES(5,'2019-03-15 23:51:19.367062','2','TestUser2','',8,1,3);
INSERT INTO "django_admin_log" VALUES(6,'2019-03-15 23:51:19.379059','1','liam','',8,1,3);
INSERT INTO "django_admin_log" VALUES(7,'2019-03-15 23:51:31.111639','3','liam','[{"added": {}}]',8,1,1);
INSERT INTO "django_admin_log" VALUES(8,'2019-03-15 23:51:37.835876','4','TestUser2','[{"added": {}}]',8,1,1);
INSERT INTO "django_admin_log" VALUES(9,'2019-03-16 01:49:16.414373','3','Hi guys','[{"added": {}}]',7,1,1);
INSERT INTO "django_admin_log" VALUES(10,'2019-03-16 01:49:49.065260','3','NewUser','',4,1,3);
INSERT INTO "django_admin_log" VALUES(11,'2019-03-16 01:49:54.010030','2','testuser','',4,1,3);
INSERT INTO "django_admin_log" VALUES(12,'2019-03-16 01:50:53.124211','4','Wikipedia','[{"added": {}}]',7,1,1);
INSERT INTO "django_admin_log" VALUES(13,'2019-03-16 01:51:55.538795','5','Filler','[{"added": {}}]',7,1,1);
INSERT INTO "django_admin_log" VALUES(14,'2019-03-16 01:52:06.862779','6','Filler','[{"added": {}}]',7,1,1);
INSERT INTO "django_admin_log" VALUES(15,'2019-03-16 01:52:17.752351','7','Filler','[{"added": {}}]',7,1,1);
INSERT INTO "django_admin_log" VALUES(16,'2019-03-16 01:52:29.896035','8','Filler','[{"added": {}}]',7,1,1);
INSERT INTO "django_admin_log" VALUES(17,'2019-03-16 01:52:37.627758','9','Filler','[{"added": {}}]',7,1,1);
INSERT INTO "django_admin_log" VALUES(18,'2019-03-16 01:52:43.530579','10','Filler','[{"added": {}}]',7,1,1);
INSERT INTO "django_admin_log" VALUES(19,'2019-03-16 01:52:49.212963','11','Filler','[{"added": {}}]',7,1,1);
INSERT INTO "django_admin_log" VALUES(20,'2019-03-16 01:52:54.360412','12','Filler','[{"added": {}}]',7,1,1);
INSERT INTO "django_admin_log" VALUES(21,'2019-03-16 01:53:25.773327','12','Filler','[{"changed": {"fields": ["content"]}}]',7,1,2);
INSERT INTO "django_admin_log" VALUES(22,'2019-03-16 01:53:33.276462','11','Filler','[{"changed": {"fields": ["content"]}}]',7,1,2);
INSERT INTO "django_admin_log" VALUES(23,'2019-03-16 01:53:40.543007','10','Filler','[{"changed": {"fields": ["content"]}}]',7,1,2);
INSERT INTO "django_admin_log" VALUES(24,'2019-03-16 01:53:48.587037','9','Filler','[{"changed": {"fields": ["content"]}}]',7,1,2);
INSERT INTO "django_admin_log" VALUES(25,'2019-03-16 01:54:12.344485','12','Filler','[{"changed": {"fields": ["content"]}}]',7,1,2);
INSERT INTO "django_admin_log" VALUES(26,'2019-03-16 01:54:16.583985','11','Filler','[{"changed": {"fields": ["content"]}}]',7,1,2);
INSERT INTO "django_admin_log" VALUES(27,'2019-03-16 01:54:20.229657','10','Filler','[{"changed": {"fields": ["content"]}}]',7,1,2);
INSERT INTO "django_admin_log" VALUES(28,'2019-03-16 01:54:23.289334','10','Filler','[]',7,1,2);
INSERT INTO "django_admin_log" VALUES(29,'2019-03-16 01:54:27.253920','9','Filler','[{"changed": {"fields": ["content"]}}]',7,1,2);
INSERT INTO "django_admin_log" VALUES(30,'2019-03-16 01:54:31.965937','8','Filler','[{"changed": {"fields": ["content"]}}]',7,1,2);
INSERT INTO "django_admin_log" VALUES(31,'2019-03-16 01:54:34.436722','8','Filler','[]',7,1,2);
INSERT INTO "django_admin_log" VALUES(32,'2019-03-16 01:54:37.848699','7','Filler','[{"changed": {"fields": ["content"]}}]',7,1,2);
INSERT INTO "django_admin_log" VALUES(33,'2019-03-16 01:54:41.732809','6','Filler','[{"changed": {"fields": ["content"]}}]',7,1,2);
INSERT INTO "django_admin_log" VALUES(34,'2019-03-16 01:54:45.545882','5','Filler','[{"changed": {"fields": ["content"]}}]',7,1,2);
INSERT INTO "django_admin_log" VALUES(35,'2019-03-16 01:54:48.973206','1','Test Post','[]',7,1,2);
CREATE UNIQUE INDEX "auth_group_permissions_group_id_permission_id_0cd325b0_uniq" ON "auth_group_permissions" ("group_id", "permission_id");
CREATE INDEX IF NOT EXISTS "auth_group_permissions_group_id_b120cbf9" ON "auth_group_permissions" ("group_id");
CREATE INDEX IF NOT EXISTS "auth_group_permissions_permission_id_84c5c92e" ON "auth_group_permissions" ("permission_id");
CREATE UNIQUE INDEX "auth_user_groups_user_id_group_id_94350c0c_uniq" ON "auth_user_groups" ("user_id", "group_id");
CREATE INDEX IF NOT EXISTS "auth_user_groups_user_id_6a12ed8b" ON "auth_user_groups" ("user_id");
CREATE INDEX IF NOT EXISTS "auth_user_groups_group_id_97559544" ON "auth_user_groups" ("group_id");
CREATE UNIQUE INDEX "auth_user_user_permissions_user_id_permission_id_14a6b632_uniq" ON "auth_user_user_permissions" ("user_id", "permission_id");
CREATE INDEX IF NOT EXISTS "auth_user_user_permissions_user_id_a95ead1b" ON "auth_user_user_permissions" ("user_id");
CREATE INDEX IF NOT EXISTS "auth_user_user_permissions_permission_id_1fbb5f2c" ON "auth_user_user_permissions" ("permission_id");
CREATE INDEX IF NOT EXISTS "django_admin_log_content_type_id_c4bce8eb" ON "django_admin_log" ("content_type_id");
CREATE INDEX IF NOT EXISTS "django_admin_log_user_id_c564eba6" ON "django_admin_log" ("user_id");
CREATE UNIQUE INDEX "django_content_type_app_label_model_76bd3d3b_uniq" ON "django_content_type" ("app_label", "model");
CREATE UNIQUE INDEX "auth_permission_content_type_id_codename_01ab375a_uniq" ON "auth_permission" ("content_type_id", "codename");
CREATE INDEX IF NOT EXISTS "auth_permission_content_type_id_2f476e4b" ON "auth_permission" ("content_type_id");
CREATE INDEX IF NOT EXISTS "django_session_expire_date_a5c62663" ON "django_session" ("expire_date");
CREATE INDEX IF NOT EXISTS "paste_post_author_id_5877283e" ON "paste_post" ("author_id");
CREATE TABLE "django_content_type" ("id" integer NOT NULL PRIMARY KEY AUTOINCREMENT, "app_label" varchar(100) NOT NULL, "model" varchar(100) NOT NULL);
INSERT INTO "django_content_type" VALUES(1,'admin','logentry');
INSERT INTO "django_content_type" VALUES(2,'auth','permission');
INSERT INTO "django_content_type" VALUES(3,'auth','group');
INSERT INTO "django_content_type" VALUES(4,'auth','user');
INSERT INTO "django_content_type" VALUES(5,'contenttypes','contenttype');
INSERT INTO "django_content_type" VALUES(6,'sessions','session');
INSERT INTO "django_content_type" VALUES(7,'paste','post');
INSERT INTO "django_content_type" VALUES(8,'users','profile');
CREATE UNIQUE INDEX "auth_group_permissions_group_id_permission_id_0cd325b0_uniq" ON "auth_group_permissions" ("group_id", "permission_id");
CREATE INDEX IF NOT EXISTS "auth_group_permissions_group_id_b120cbf9" ON "auth_group_permissions" ("group_id");
CREATE INDEX IF NOT EXISTS "auth_group_permissions_permission_id_84c5c92e" ON "auth_group_permissions" ("permission_id");
CREATE UNIQUE INDEX "auth_user_groups_user_id_group_id_94350c0c_uniq" ON "auth_user_groups" ("user_id", "group_id");
CREATE INDEX IF NOT EXISTS "auth_user_groups_user_id_6a12ed8b" ON "auth_user_groups" ("user_id");
CREATE INDEX IF NOT EXISTS "auth_user_groups_group_id_97559544" ON "auth_user_groups" ("group_id");
CREATE UNIQUE INDEX "auth_user_user_permissions_user_id_permission_id_14a6b632_uniq" ON "auth_user_user_permissions" ("user_id", "permission_id");
CREATE INDEX IF NOT EXISTS "auth_user_user_permissions_user_id_a95ead1b" ON "auth_user_user_permissions" ("user_id");
CREATE INDEX IF NOT EXISTS "auth_user_user_permissions_permission_id_1fbb5f2c" ON "auth_user_user_permissions" ("permission_id");
CREATE INDEX IF NOT EXISTS "django_admin_log_content_type_id_c4bce8eb" ON "django_admin_log" ("content_type_id");
CREATE INDEX IF NOT EXISTS "django_admin_log_user_id_c564eba6" ON "django_admin_log" ("user_id");
CREATE UNIQUE INDEX "django_content_type_app_label_model_76bd3d3b_uniq" ON "django_content_type" ("app_label", "model");
CREATE UNIQUE INDEX "auth_permission_content_type_id_codename_01ab375a_uniq" ON "auth_permission" ("content_type_id", "codename");
CREATE INDEX IF NOT EXISTS "auth_permission_content_type_id_2f476e4b" ON "auth_permission" ("content_type_id");
CREATE INDEX IF NOT EXISTS "django_session_expire_date_a5c62663" ON "django_session" ("expire_date");
CREATE INDEX IF NOT EXISTS "paste_post_author_id_5877283e" ON "paste_post" ("author_id");
CREATE TABLE "django_migrations" ("id" integer NOT NULL PRIMARY KEY AUTOINCREMENT, "app" varchar(255) NOT NULL, "name" varchar(255) NOT NULL, "applied" datetime NOT NULL);
INSERT INTO "django_migrations" VALUES(1,'contenttypes','0001_initial','2019-03-15 20:47:07.987098');
INSERT INTO "django_migrations" VALUES(2,'auth','0001_initial','2019-03-15 20:47:08.024032');
INSERT INTO "django_migrations" VALUES(3,'admin','0001_initial','2019-03-15 20:47:08.056934');
INSERT INTO "django_migrations" VALUES(4,'admin','0002_logentry_remove_auto_add','2019-03-15 20:47:08.089037');
INSERT INTO "django_migrations" VALUES(5,'admin','0003_logentry_add_action_flag_choices','2019-03-15 20:47:08.120032');
INSERT INTO "django_migrations" VALUES(6,'contenttypes','0002_remove_content_type_name','2019-03-15 20:47:08.157072');
INSERT INTO "django_migrations" VALUES(7,'auth','0002_alter_permission_name_max_length','2019-03-15 20:47:08.193024');
INSERT INTO "django_migrations" VALUES(8,'auth','0003_alter_user_email_max_length','2019-03-15 20:47:08.218959');
INSERT INTO "django_migrations" VALUES(9,'auth','0004_alter_user_username_opts','2019-03-15 20:47:08.246387');
INSERT INTO "django_migrations" VALUES(10,'auth','0005_alter_user_last_login_null','2019-03-15 20:47:08.272777');
INSERT INTO "django_migrations" VALUES(11,'auth','0006_require_contenttypes_0002','2019-03-15 20:47:08.286734');
INSERT INTO "django_migrations" VALUES(12,'auth','0007_alter_validators_add_error_messages','2019-03-15 20:47:08.316243');
INSERT INTO "django_migrations" VALUES(13,'auth','0008_alter_user_username_max_length','2019-03-15 20:47:08.342499');
INSERT INTO "django_migrations" VALUES(14,'auth','0009_alter_user_last_name_max_length','2019-03-15 20:47:08.369445');
INSERT INTO "django_migrations" VALUES(15,'sessions','0001_initial','2019-03-15 20:47:08.391445');
INSERT INTO "django_migrations" VALUES(16,'paste','0001_initial','2019-03-15 21:10:10.406939');
INSERT INTO "django_migrations" VALUES(17,'users','0001_initial','2019-03-15 23:45:07.096742');
CREATE UNIQUE INDEX "auth_group_permissions_group_id_permission_id_0cd325b0_uniq" ON "auth_group_permissions" ("group_id", "permission_id");
CREATE INDEX IF NOT EXISTS "auth_group_permissions_group_id_b120cbf9" ON "auth_group_permissions" ("group_id");
CREATE INDEX IF NOT EXISTS "auth_group_permissions_permission_id_84c5c92e" ON "auth_group_permissions" ("permission_id");
CREATE UNIQUE INDEX "auth_user_groups_user_id_group_id_94350c0c_uniq" ON "auth_user_groups" ("user_id", "group_id");
CREATE INDEX IF NOT EXISTS "auth_user_groups_user_id_6a12ed8b" ON "auth_user_groups" ("user_id");
CREATE INDEX IF NOT EXISTS "auth_user_groups_group_id_97559544" ON "auth_user_groups" ("group_id");
CREATE UNIQUE INDEX "auth_user_user_permissions_user_id_permission_id_14a6b632_uniq" ON "auth_user_user_permissions" ("user_id", "permission_id");
CREATE INDEX IF NOT EXISTS "auth_user_user_permissions_user_id_a95ead1b" ON "auth_user_user_permissions" ("user_id");
CREATE INDEX IF NOT EXISTS "auth_user_user_permissions_permission_id_1fbb5f2c" ON "auth_user_user_permissions" ("permission_id");
CREATE INDEX IF NOT EXISTS "django_admin_log_content_type_id_c4bce8eb" ON "django_admin_log" ("content_type_id");
CREATE INDEX IF NOT EXISTS "django_admin_log_user_id_c564eba6" ON "django_admin_log" ("user_id");
CREATE UNIQUE INDEX "django_content_type_app_label_model_76bd3d3b_uniq" ON "django_content_type" ("app_label", "model");
CREATE UNIQUE INDEX "auth_permission_content_type_id_codename_01ab375a_uniq" ON "auth_permission" ("content_type_id", "codename");
CREATE INDEX IF NOT EXISTS "auth_permission_content_type_id_2f476e4b" ON "auth_permission" ("content_type_id");
CREATE INDEX IF NOT EXISTS "django_session_expire_date_a5c62663" ON "django_session" ("expire_date");
CREATE INDEX IF NOT EXISTS "paste_post_author_id_5877283e" ON "paste_post" ("author_id");
CREATE TABLE "django_session" ("session_key" varchar(40) NOT NULL PRIMARY KEY, "session_data" text NOT NULL, "expire_date" datetime NOT NULL);
INSERT INTO "django_session" VALUES('qd8knpxgatyh4ss8miqolua8avo257yt','ZThlNjE1NmE0MDBhZmJmZWI0M2Y4MGJjYTI2ZmU5YmZiMjM0YzEwYjp7Il9hdXRoX3VzZXJfaWQiOiIxIiwiX2F1dGhfdXNlcl9iYWNrZW5kIjoiZGphbmdvLmNvbnRyaWIuYXV0aC5iYWNrZW5kcy5Nb2RlbEJhY2tlbmQiLCJfYXV0aF91c2VyX2hhc2giOiJkZTdhNjBhNTgyODEzZWY4NzZkMTI4MjkzZDhkMGY1OGZmMWQxMzgwIn0=','2019-03-30 01:48:58.783030');
CREATE UNIQUE INDEX "auth_group_permissions_group_id_permission_id_0cd325b0_uniq" ON "auth_group_permissions" ("group_id", "permission_id");
CREATE INDEX IF NOT EXISTS "auth_group_permissions_group_id_b120cbf9" ON "auth_group_permissions" ("group_id");
CREATE INDEX IF NOT EXISTS "auth_group_permissions_permission_id_84c5c92e" ON "auth_group_permissions" ("permission_id");
CREATE UNIQUE INDEX "auth_user_groups_user_id_group_id_94350c0c_uniq" ON "auth_user_groups" ("user_id", "group_id");
CREATE INDEX IF NOT EXISTS "auth_user_groups_user_id_6a12ed8b" ON "auth_user_groups" ("user_id");
CREATE INDEX IF NOT EXISTS "auth_user_groups_group_id_97559544" ON "auth_user_groups" ("group_id");
CREATE UNIQUE INDEX "auth_user_user_permissions_user_id_permission_id_14a6b632_uniq" ON "auth_user_user_permissions" ("user_id", "permission_id");
CREATE INDEX IF NOT EXISTS "auth_user_user_permissions_user_id_a95ead1b" ON "auth_user_user_permissions" ("user_id");
CREATE INDEX IF NOT EXISTS "auth_user_user_permissions_permission_id_1fbb5f2c" ON "auth_user_user_permissions" ("permission_id");
CREATE INDEX IF NOT EXISTS "django_admin_log_content_type_id_c4bce8eb" ON "django_admin_log" ("content_type_id");
CREATE INDEX IF NOT EXISTS "django_admin_log_user_id_c564eba6" ON "django_admin_log" ("user_id");
CREATE UNIQUE INDEX "django_content_type_app_label_model_76bd3d3b_uniq" ON "django_content_type" ("app_label", "model");
CREATE UNIQUE INDEX "auth_permission_content_type_id_codename_01ab375a_uniq" ON "auth_permission" ("content_type_id", "codename");
CREATE INDEX IF NOT EXISTS "auth_permission_content_type_id_2f476e4b" ON "auth_permission" ("content_type_id");
CREATE INDEX IF NOT EXISTS "django_session_expire_date_a5c62663" ON "django_session" ("expire_date");
CREATE INDEX IF NOT EXISTS "paste_post_author_id_5877283e" ON "paste_post" ("author_id");
CREATE TABLE "paste_post" ("id" integer NOT NULL PRIMARY KEY AUTOINCREMENT, "title" varchar(100) NOT NULL, "content" text NOT NULL, "date_posted" datetime NOT NULL, "author_id" integer NOT NULL REFERENCES "auth_user" ("id") DEFERRABLE INITIALLY DEFERRED);
INSERT INTO "paste_post" VALUES(1,'Test Post','Hi lads','2019-03-15 21:34:56',1);
INSERT INTO "paste_post" VALUES(3,'Hi guys','I am a paste','2019-03-16 01:49:01',5);
INSERT INTO "paste_post" VALUES(4,'Wikipedia','Wikipedia (/ˌwɪkɪˈpiːdiə/ (About this soundlisten), /ˌwɪkiˈpiːdiə/ (About this soundlisten) WIK-ih-PEE-dee-ə) is a multilingual, web-based, free encyclopedia based on a model of openly editable and viewable content, a wiki. It is the largest and most popular general reference work on the World Wide Web,[3][4][5] and is one of the most popular websites by Alexa rank.[6] It is owned and supported by the Wikimedia Foundation, a non-profit organization that operates on money it receives from donors.[7][8][9]','2019-03-16 01:50:03',4);
INSERT INTO "paste_post" VALUES(5,'Filler','Wikipedia (/ˌwɪkɪˈpiːdiə/ (About this soundlisten), /ˌwɪkiˈpiːdiə/ (About this soundlisten) WIK-ih-PEE-dee-ə) is a multilingual, web-based, free encyclopedia based on a model of openly editable and viewable content, a wiki. It is the largest and most popular general reference work on the World Wide Web,[3][4][5] and is one of the most popular websites by Alexa rank.[6] It is owned and supported by the Wikimedia Foundation, a non-profit organization that operates on money it receives from donors.[7][8][9]','2019-03-16 01:51:37',4);
INSERT INTO "paste_post" VALUES(6,'Filler','Wikipedia (/ˌwɪkɪˈpiːdiə/ (About this soundlisten), /ˌwɪkiˈpiːdiə/ (About this soundlisten) WIK-ih-PEE-dee-ə) is a multilingual, web-based, free encyclopedia based on a model of openly editable and viewable content, a wiki. It is the largest and most popular general reference work on the World Wide Web,[3][4][5] and is one of the most popular websites by Alexa rank.[6] It is owned and supported by the Wikimedia Foundation, a non-profit organization that operates on money it receives from donors.[7][8][9]','2019-03-16 01:51:57',5);
INSERT INTO "paste_post" VALUES(7,'Filler','Wikipedia (/ˌwɪkɪˈpiːdiə/ (About this soundlisten), /ˌwɪkiˈpiːdiə/ (About this soundlisten) WIK-ih-PEE-dee-ə) is a multilingual, web-based, free encyclopedia based on a model of openly editable and viewable content, a wiki. It is the largest and most popular general reference work on the World Wide Web,[3][4][5] and is one of the most popular websites by Alexa rank.[6] It is owned and supported by the Wikimedia Foundation, a non-profit organization that operates on money it receives from donors.[7][8][9]','2019-03-16 01:52:08',1);
INSERT INTO "paste_post" VALUES(8,'Filler','Wikipedia (/ˌwɪkɪˈpiːdiə/ (About this soundlisten), /ˌwɪkiˈpiːdiə/ (About this soundlisten) WIK-ih-PEE-dee-ə) is a multilingual, web-based, free encyclopedia based on a model of openly editable and viewable content, a wiki. It is the largest and most popular general reference work on the World Wide Web,[3][4][5] and is one of the most popular websites by Alexa rank.[6] It is owned and supported by the Wikimedia Foundation, a non-profit organization that operates on money it receives from donors.[7][8][9]','2019-03-16 01:52:23',4);
INSERT INTO "paste_post" VALUES(9,'Filler','Wikipedia (/ˌwɪkɪˈpiːdiə/ (About this soundlisten), /ˌwɪkiˈpiːdiə/ (About this soundlisten) WIK-ih-PEE-dee-ə) is a multilingual, web-based, free encyclopedia based on a model of openly editable and viewable content, a wiki. It is the largest and most popular general reference work on the World Wide Web,[3][4][5] and is one of the most popular websites by Alexa rank.[6] It is owned and supported by the Wikimedia Foundation, a non-profit organization that operates on money it receives from donors.[7][8][9]','2019-03-16 01:52:33',5);
INSERT INTO "paste_post" VALUES(10,'Filler','Wikipedia (/ˌwɪkɪˈpiːdiə/ (About this soundlisten), /ˌwɪkiˈpiːdiə/ (About this soundlisten) WIK-ih-PEE-dee-ə) is a multilingual, web-based, free encyclopedia based on a model of openly editable and viewable content, a wiki. It is the largest and most popular general reference work on the World Wide Web,[3][4][5] and is one of the most popular websites by Alexa rank.[6] It is owned and supported by the Wikimedia Foundation, a non-profit organization that operates on money it receives from donors.[7][8][9]','2019-03-16 01:52:39',1);
INSERT INTO "paste_post" VALUES(11,'Filler','aWikipedia (/ˌwɪkɪˈpiːdiə/ (About this soundlisten), /ˌwɪkiˈpiːdiə/ (About this soundlisten) WIK-ih-PEE-dee-ə) is a multilingual, web-based, free encyclopedia based on a model of openly editable and viewable content, a wiki. It is the largest and most popular general reference work on the World Wide Web,[3][4][5] and is one of the most popular websites by Alexa rank.[6] It is owned and supported by the Wikimedia Foundation, a non-profit organization that operates on money it receives from donors.[7][8][9]','2019-03-16 01:52:44',4);
INSERT INTO "paste_post" VALUES(12,'Filler','Wikipedia (/ˌwɪkɪˈpiːdiə/ (About this soundlisten), /ˌwɪkiˈpiːdiə/ (About this soundlisten) WIK-ih-PEE-dee-ə) is a multilingual, web-based, free encyclopedia based on a model of openly editable and viewable content, a wiki. It is the largest and most popular general reference work on the World Wide Web,[3][4][5] and is one of the most popular websites by Alexa rank.[6] It is owned and supported by the Wikimedia Foundation, a non-profit organization that operates on money it receives from donors.[7][8][9]','2019-03-16 01:52:50',5);
CREATE UNIQUE INDEX "auth_group_permissions_group_id_permission_id_0cd325b0_uniq" ON "auth_group_permissions" ("group_id", "permission_id");
CREATE INDEX IF NOT EXISTS "auth_group_permissions_group_id_b120cbf9" ON "auth_group_permissions" ("group_id");
CREATE INDEX IF NOT EXISTS "auth_group_permissions_permission_id_84c5c92e" ON "auth_group_permissions" ("permission_id");
CREATE UNIQUE INDEX "auth_user_groups_user_id_group_id_94350c0c_uniq" ON "auth_user_groups" ("user_id", "group_id");
CREATE INDEX IF NOT EXISTS "auth_user_groups_user_id_6a12ed8b" ON "auth_user_groups" ("user_id");
CREATE INDEX IF NOT EXISTS "auth_user_groups_group_id_97559544" ON "auth_user_groups" ("group_id");
CREATE UNIQUE INDEX "auth_user_user_permissions_user_id_permission_id_14a6b632_uniq" ON "auth_user_user_permissions" ("user_id", "permission_id");
CREATE INDEX IF NOT EXISTS "auth_user_user_permissions_user_id_a95ead1b" ON "auth_user_user_permissions" ("user_id");
CREATE INDEX IF NOT EXISTS "auth_user_user_permissions_permission_id_1fbb5f2c" ON "auth_user_user_permissions" ("permission_id");
CREATE INDEX IF NOT EXISTS "django_admin_log_content_type_id_c4bce8eb" ON "django_admin_log" ("content_type_id");
CREATE INDEX IF NOT EXISTS "django_admin_log_user_id_c564eba6" ON "django_admin_log" ("user_id");
CREATE UNIQUE INDEX "django_content_type_app_label_model_76bd3d3b_uniq" ON "django_content_type" ("app_label", "model");
CREATE UNIQUE INDEX "auth_permission_content_type_id_codename_01ab375a_uniq" ON "auth_permission" ("content_type_id", "codename");
CREATE INDEX IF NOT EXISTS "auth_permission_content_type_id_2f476e4b" ON "auth_permission" ("content_type_id");
CREATE INDEX IF NOT EXISTS "django_session_expire_date_a5c62663" ON "django_session" ("expire_date");
CREATE INDEX IF NOT EXISTS "paste_post_author_id_5877283e" ON "paste_post" ("author_id");
CREATE TABLE "users_profile" ("id" integer NOT NULL PRIMARY KEY AUTOINCREMENT, "image" varchar(100) NOT NULL, "user_id" integer NOT NULL UNIQUE REFERENCES "auth_user" ("id") DEFERRABLE INITIALLY DEFERRED);
INSERT INTO "users_profile" VALUES(3,'profile_pics/test.jpg',1);
INSERT INTO "users_profile" VALUES(4,'deafult.jpg',4);
INSERT INTO "users_profile" VALUES(5,'profile_pics/test_g8qeOMp_yELBXJt_uItgY0L.jpg',5);
CREATE UNIQUE INDEX "auth_group_permissions_group_id_permission_id_0cd325b0_uniq" ON "auth_group_permissions" ("group_id", "permission_id");
CREATE INDEX IF NOT EXISTS "auth_group_permissions_group_id_b120cbf9" ON "auth_group_permissions" ("group_id");
CREATE INDEX IF NOT EXISTS "auth_group_permissions_permission_id_84c5c92e" ON "auth_group_permissions" ("permission_id");
CREATE UNIQUE INDEX "auth_user_groups_user_id_group_id_94350c0c_uniq" ON "auth_user_groups" ("user_id", "group_id");
CREATE INDEX IF NOT EXISTS "auth_user_groups_user_id_6a12ed8b" ON "auth_user_groups" ("user_id");
CREATE INDEX IF NOT EXISTS "auth_user_groups_group_id_97559544" ON "auth_user_groups" ("group_id");
CREATE UNIQUE INDEX "auth_user_user_permissions_user_id_permission_id_14a6b632_uniq" ON "auth_user_user_permissions" ("user_id", "permission_id");
CREATE INDEX IF NOT EXISTS "auth_user_user_permissions_user_id_a95ead1b" ON "auth_user_user_permissions" ("user_id");
CREATE INDEX IF NOT EXISTS "auth_user_user_permissions_permission_id_1fbb5f2c" ON "auth_user_user_permissions" ("permission_id");
CREATE INDEX IF NOT EXISTS "django_admin_log_content_type_id_c4bce8eb" ON "django_admin_log" ("content_type_id");
CREATE INDEX IF NOT EXISTS "django_admin_log_user_id_c564eba6" ON "django_admin_log" ("user_id");
CREATE UNIQUE INDEX "django_content_type_app_label_model_76bd3d3b_uniq" ON "django_content_type" ("app_label", "model");
CREATE UNIQUE INDEX "auth_permission_content_type_id_codename_01ab375a_uniq" ON "auth_permission" ("content_type_id", "codename");
CREATE INDEX IF NOT EXISTS "auth_permission_content_type_id_2f476e4b" ON "auth_permission" ("content_type_id");
CREATE INDEX IF NOT EXISTS "django_session_expire_date_a5c62663" ON "django_session" ("expire_date");
CREATE INDEX IF NOT EXISTS "paste_post_author_id_5877283e" ON "paste_post" ("author_id");
